{
    "number": 0.4765638512539598,
    "other": 0.5605159666509485,
    "yes/no": 0.8317500764448144
}